id,name,model_id:id,group_id:id,perm_read,perm_write,perm_create,perm_unlink
access_Falak_Customer_Visits_Management_f_customer_routes,Falak_Customer_Visits_Management.f_customer_routes,model_f_customer_routes,Falak_Customer_Visits_Management.customer_visits_admin,1,1,1,1
access_Falak_Customer_Visits_Management_f_customer_routes_viewer,Falak_Customer_Visits_Management.f_customer_routes.viewer,model_f_customer_routes,Falak_Customer_Visits_Management.customer_visits_useres,1,1,1,0
access_Falak_Customer_Visits_Management_f_visits,Falak_Customer_Visits_Management.f_visits,model_f_visits,Falak_Customer_Visits_Management.customer_visits_admin,1,1,1,1
access_Falak_Customer_Visits_Management_f_visits_viewer,Falak_Customer_Visits_Management.f_visits.viewer,model_f_visits,Falak_Customer_Visits_Management.customer_visits_useres,1,1,1,0
access_Falak_Customer_Visits_Management_f_cancel_wizard,Falak_Customer_Visits_Management.f_cancel_wizard,model_f_cancel_wizard,Falak_Customer_Visits_Management.customer_visits_admin,1,1,1,1
access_Falak_Customer_Visits_Management_f_cancel_wizard_viewer,Falak_Customer_Visits_Management.f_cancel_wizard.viewer,model_f_cancel_wizard,Falak_Customer_Visits_Management.customer_visits_useres,1,1,1,0