<odoo>
	<data>
		<record id="f_scheuled_action" forcecreate='True' model="ir.cron">
			<field name="name">Create Visit</field>
			<field name="model_id" ref="Falak_Customer_Visits_Management.model_f_visits"></field>
			<field name="user_id" ref="base.user_root"></field>
			<field name="interval_number">1</field>
			<field name="active" eval="True"></field>
			<field name="interval_type">weeks</field>
			<field name="priority">5</field>
			<field name="code">model.create_visits()</field>
			<field name="state">code</field>
		</record>
	</data>
</odoo>
<!--  -->